id,product_name,price,reviews_count,avg_rate,brand
1,Karimed Brilliant Touch Shower Gel 1000ML 3Pcs. Rose Scent,EGP 150.00,4 verified ratings,4.3/5,Karimed
2,AM-Shop Bundle Of (10) Basic Socks Sign - High Quality,EGP 59.00,881 verified ratings,3.6/5,AM-Shop
3,Bundle Of (15) Women Ankle Socks For Women,EGP 54.00 - EGP 69.00,4426 verified ratings,3.8/5,(4426 verified ratings)
4,Nokia 106 - 1.8-inch Dual SIM Mobile Phone - Dark Grey,EGP 411.00,7 verified ratings,4.4/5,Nokia
5,Vaseline Intensive Care™ Cocoa Radiant Body Lotion – 200 ml,EGP 60.00,4 verified ratings,4/5,Vaseline
6,Nescafe Classic Instant Coffee - 1.8g - 25 Pcs,EGP 31.00,49 verified ratings,4.7/5,Nescafe
7,Dettol Skin Care Soap - 85g,EGP 7.95,226 verified ratings,4.5/5,Dettol
8,Bonjorno 2in1 Coffee Mix Khamsina – 12 Sachet,EGP 15.00,32 verified ratings,4.1/5,Bonjorno
9,Dice Bundle Of Six Comfy Slip On Regular Boxers,EGP 249.99,7741 verified ratings,4.3/5,Dice
10,Dice Bundle OF Six Men Boxers,EGP 249.99,4367 verified ratings,4.3/5,Dice
11,Set Of ( 6 ) Pairs Invisible Socks,EGP 38.00 - EGP 48.00,1831 verified ratings,3.9/5,(1831 verified ratings)
12,Karimed Brilliant Touch Shower Gel 1000ML 4Pcs. 4 Scents,EGP 200.00,39 verified ratings,4.5/5,Karimed
13,ABC Egypt Alfa Automatic Powder Detergent - 8+1 Free Kg,EGP 180.00,167 verified ratings,3.9/5,ABC Egypt
14,NIVEA MEN Invisible Black & White Original Antiperspirant Deodorant Spray - For Men - 150ml,EGP 42.90,864 verified ratings,4.4/5,NIVEA MEN
15,NIVEA MEN Fresh Active Deodorant Spray - For Men - 150ml,EGP 42.50,950 verified ratings,4.4/5,NIVEA MEN
16,Maybelline New York Volum' Express The Colossal Mascara - 100% Black,EGP 110.00,1865 verified ratings,4.2/5,Maybelline New York
17,Karimed Brilliant Touch Shower Gel 1000ML 3Pcs. Peach Scent,EGP 150.00,5 verified ratings,4.2/5,Karimed
18,Grouhy GH252B Exhaust Ventilation Fan - 25 Cm - Brown,EGP 299.00,13 verified ratings,3.6/5,Grouhy
19,AM-Shop Bundle OF (4) Socks,EGP 29.00,1354 verified ratings,3.4/5,AM-Shop
20,Almarai Skimmed Plastic Bottle Milk-1.5 L,EGP 28.80,22 verified ratings,5/5,Almarai
21,NIVEA MEN DEEP Black Carbon Antibacterial Antiperspirant Deodorant Spray - For Men - 150ml,EGP 42.50,1012 verified ratings,4.5/5,NIVEA MEN
22,Aldoha Flour – 1Kg,EGP 20.00,384 verified ratings,4.6/5,Aldoha
23,Skyline HD-222 IV Mini HD Satellite Receiver,EGP 210.00,716 verified ratings,4.3/5,Skyline
24,Bundle Of (12) Invisible Socks - For Men,EGP 61.00,152 verified ratings,3.9/5,(152 verified ratings)
25,Karimed Brilliant Touch Shower Gel 1000ML 3Pcs. Rose Scent Plus Free Hand Wash 500ML,EGP 98.10,18 verified ratings,4.8/5,Karimed
26,"Ariel Anti-Bacterial Automatic Powder Detergent, 7 KG",EGP 281.75,29 verified ratings,4.8/5,Ariel
27,American Eagle Slim Flex Polo Shirt,EGP 225.00,273 verified ratings,4.6/5,American Eagle
28,Grouhy GKT2218SS Stainless Steel Kettle – 1.8 L,EGP 250.00,7 verified ratings,4.6/5,Grouhy
29,Luna Super Emollient Moisturizing Cream Kit - 4 Pcs,EGP 102.00,6044 verified ratings,4.3/5,Luna
30,Durex Condoms Set - Strawberry - 3 Pcs,EGP 22.61,1068 verified ratings,4.2/5,Durex
31,Chefy Mix Tomato Ketchup - 1kg,EGP 26.50,814 verified ratings,4.3/5,Chefy Mix
32,Maxtella Chocolate Hazelnut Spread - 950 Gm,EGP 70.00,631 verified ratings,4.3/5,Maxtella
33,Rexona Antibacterial Invisible Antiperspirant Deodorant for Men - 150Ml - 2 Pcs+ 1 Free,EGP 93.00,132 verified ratings,4.5/5,Rexona
34,"NIVEA MEN Fresh Power, Antiperspirant for Men, Fresh Scent, Roll-on - 50ml",EGP 24.30,169 verified ratings,4.4/5,NIVEA
35,NIVEA Fresh Cherry Deodorant For Women Spray - 150 ml,EGP 42.90,439 verified ratings,4.4/5,NIVEA
36,NIVEA MEN DEEP Espresso Black Carbon Antibacterial Antiperspirant Deodorant Spray - For Men - 150ml,EGP 42.50,1072 verified ratings,4.4/5,NIVEA MEN
37,VGR Professional Rechargeable Hair Trimmer Led Display,EGP 255.00,518 verified ratings,4.3/5,VGR
38,Sensodyne Multi Care + Whitening Toothpaste For Sensitive Teeth - 100ml - Buy 2 Get 1 Free,EGP 115.00,36 verified ratings,4.8/5,Sensodyne
39,Dice Bundle Of Five Men Boxers,EGP 199.00 - EGP 209.99,951 verified ratings,4.4/5,Dice
40,Fern Pure Natural Butter Ghee - 1.4Kg,EGP 294.00,44 verified ratings,4.7/5,Fern
41,Embrator Bundle Of Three Soft Breathable Sleeveless Undershirts - White,EGP 129.99,955 verified ratings,4.4/5,Embrator
42,Bundle OF ( 12 ) Cat Women Socks,EGP 59.00,646 verified ratings,3.9/5,(646 verified ratings)
43,L'Oreal Paris Hyaluron Expert Replumping Gel Wash For All Skin Types,EGP 84.50,2 verified ratings,5/5,L'Oreal Paris
44,Sensodyne Fluoride Toothpaste - 50ml,EGP 28.00,21 verified ratings,4.8/5,Sensodyne
45,Lipton Yellow Label Black Tea - 25 Tea Bags,EGP 13.00,348 verified ratings,4.5/5,Lipton
46,Healthy Spread Orginal 375g,EGP 90.00,26 verified ratings,4.8/5,Healthy Spread
47,Camay Soap Delicieux - 120gm,EGP 7.45,61 verified ratings,4.6/5,Camay
48,Alsuhagy White Flour – 1 Kg,EGP 16.00,375 verified ratings,4.6/5,Alsuhagy
49,Avuva Body Splash Cherry + Shower Gel - 253ml,EGP 95.00,,,Avuva
50,Karimed Brilliant Touch Shower Gel 1000ML 3Pcs. Blueberry Scent Plus Free Hand Wash 500ML,EGP 98.91,7 verified ratings,4.7/5,Karimed
51,Bundle Of (6) Basic Socks - High Quality.,EGP 36.00,50 verified ratings,3.7/5,(50 verified ratings)
52,Dice Bundle OF Three Mens Boxer Brief,EGP 129.99,369 verified ratings,4.2/5,Dice
53,Mothercare Pink Canvas Trainers,EGP 89.00,9 verified ratings,4.7/5,Mothercare
54,Activ Matching Sole & Side Strips Lace Up Sneakers - White & Navy,EGP 329.00,34 verified ratings,4.8/5,Activ
55,Almarai Plain Skimmed Milk-1 L-6 Pcs,EGP 115.00,7 verified ratings,3.9/5,Almarai
56,Karimed Keraview Keratin Shampoo + Conditioner Aloe Vera For Dry Hair 350ml,EGP 32.00,33 verified ratings,3.9/5,Karimed
57,"Vanish Vanish Laundry Stain Remover Liquid for White Colored Clothes, Can be used with or without Detergents & Additives, 450ml - Pack of 2 @15%",EGP 59.00,9 verified ratings,5/5,Vanish
58,Lipton Extra Strong Black Tea - 100 Tea Bags,EGP 50.00,231 verified ratings,4.5/5,Lipton
59,Karimed SNOW SHINE Micellar Water Makeup Remover Rose 100ML,EGP 39.00,245 verified ratings,4.3/5,Karimed
60,"Iku S1 Mini, 1.8 Inches Display - 600 MAh Battery-Grey",EGP 250.00,2 verified ratings,4.5/5,Iku
61,FEATHER Flamingo Razor - S (Face & Body) Safety Razor Tech,EGP 139.00,424 verified ratings,4.4/5,FEATHER
62,Karimed Brilliant Touch Shower Gel 1L 3Pcs. Blueberry Scent,EGP 150.00,11 verified ratings,4.1/5,Karimed
63,Star Pasta Penne - 400g,EGP 7.00,49 verified ratings,4.3/5,Star
64,Mesery Bundle OF Six Smooth Cotton Hipster Panties,EGP 129.99,2163 verified ratings,4.4/5,Mesery
65,NIVEA MEN Silver Protect Deodorant Spray for Men - 150ml,EGP 42.50,389 verified ratings,4.4/5,NIVEA MEN
66,American Eagle Low Cut Socks 5-Pack,EGP 175.00,152 verified ratings,4.6/5,American Eagle
67,Brand Stores Shoulder &Backpack Bag -Brand Stores-White & Black,EGP 59.00,139 verified ratings,4.1/5,Brand Stores
68,Mesery Bundle Of Three Cotton Stretch Plain Spaghetti Tops,EGP 129.99,930 verified ratings,4/5,Mesery
69,Ariel Powder Touch of Downy Detergent 7 Kilogram,EGP 244.00,78 verified ratings,4.6/5,Ariel
70,"NIVEA MEN Power Fresh Shower Gel 3in1, 24h Fresh Effect, Citrus Scent - 250ml",EGP 37.50,228 verified ratings,4.5/5,NIVEA MEN
71,Avuva Body Splash Vanilla & Coconut + Shower Gel - 253ml Gift,EGP 95.00,1 verified rating,5/5,Avuva
72,Karimed Brilliant Touch Shower Gel 1L 2Pcs. Blueberry Rose,EGP 59.40,6 verified ratings,4.3/5,Karimed
73,Bundle Of (6) Half Towel Socks Colours,EGP 49.00,743 verified ratings,3.8/5,(743 verified ratings)
74,Dettol Cool Soap - 165g,EGP 9.95,99 verified ratings,4.6/5,Dettol
75,Chefy Mix BBQ Sauce - 1kg,EGP 33.00,729 verified ratings,4.4/5,Chefy Mix
76,Karimed Keraview Keratin Shampoo + Conditioner Argan Oil For Damaged Hair350ml,EGP 32.00,24 verified ratings,4/5,Karimed
77,L'oreal Elvive Dream Long Straight 72H - Straightening Keratin Shampoo 200 Ml,EGP 33.50,89 verified ratings,4.5/5,L'oreal
78,Maxtella Chocolate Hazelnut Spread -320 Gm,EGP 45.00,152 verified ratings,4.4/5,Maxtella
79,Bundle OF ( 12 ) Creative Women Socks,EGP 69.00,132 verified ratings,4.1/5,(132 verified ratings)
80,Lipton Lemon Ginger - 20 Bags,EGP 14.35,204 verified ratings,4.3/5,Lipton
81,Cottonil Bundle Of Five Men Boxer,EGP 269.00,3400 verified ratings,4.3/5,Cottonil
82,Camay Dynamique Soap - 120 gm,EGP 7.45,153 verified ratings,4.4/5,Camay
83,Juhayna Juhayna Classic Juice – Orange – 1 L,EGP 12.50,15 verified ratings,4.3/5,Juhayna
84,NIVEA Invisible Black & White Silky Smooth Antiperspirant Deodorant Spray - For Women - 150ml,EGP 42.50,654 verified ratings,4.5/5,NIVEA
85,Crystal Corn Oil - 2.2 Liters,EGP 115.00,143 verified ratings,4.6/5,Crystal
86,Sokany Hair Straightener Brush Max 950 °F,EGP 149.00,119 verified ratings,4.1/5,Sokany
87,Knorr Chicken Stock – 12 Cubes – 108gm,EGP 6.95,438 verified ratings,4.5/5,Knorr
88,Rexona Shower Fresh Antiperspirant Spray - For Women - 150 Ml,EGP 42.00,66 verified ratings,4.7/5,Rexona
89,Mesery Bundle Of Three Solid Bra - For Women,EGP 99.99,98 verified ratings,3.5/5,Mesery
90,Lipton Yellow Label Black Tea - 50 Tea Bags,EGP 25.00,181 verified ratings,4.7/5,Lipton
91,Ariel Liquid lavender detergent 3.3 Kilogram,EGP 122.00,79 verified ratings,4.6/5,Ariel
92,Karimed Brilliant Touch Shower Gel 1000ML 3Pcs. Peach Scent Plus Soap 500ml Free,EGP 98.10,9 verified ratings,4.6/5,Karimed
93,"Pampers Baby Dry Diapers Size 6, Extra Large, 13+ Kg (48 diapers)",EGP 165.50,17 verified ratings,5/5,Pampers
94,Cif Fast Bathroom Cleaning Spray - 500 ml,EGP 22.00,33 verified ratings,4.5/5,Cif
95,NIVEA Anti Perspirant Dry Fresh For Women - 150ml,EGP 42.50,140 verified ratings,4.6/5,NIVEA
96,"Smart Scent Car Freshener, Smart Scent, Black Ice 20ml Glass",EGP 38.00,17 verified ratings,4.4/5,Smart Scent
97,Dettol Antiseptic Liquid - 120ML,EGP 19.00,54 verified ratings,4.5/5,Dettol
98,(12) Socks For Men From Soft Cotton.,EGP 58.00 - EGP 88.00,653 verified ratings,4/5,(653 verified ratings)
99,NIVEA MEN Fresh Power Deodorant Spray For Men - 150 ml,EGP 42.50,259 verified ratings,4.4/5,NIVEA MEN
100,Mesery Bundle OF Six Brief Smooth Cotton Panties,EGP 139.99,3680 verified ratings,4.2/5,Mesery
101,Camay Bar Soap Romantic - 120 gm,EGP 7.15,76 verified ratings,4.5/5,Camay
102,Mr. Food White Fine Flour - All Purpose - 1kg,EGP 14.95,187 verified ratings,4.4/5,Mr. Food
103,Crystal Sunflower Oil - 2.2 Liters,EGP 101.90,167 verified ratings,4.5/5,Crystal
104,Lux Perfumed Hand Wash Magical Beauty – 500ml,EGP 40.00,83 verified ratings,4.5/5,Lux
105,Sunsilk Instant Restore Hair Shampoo – 600ml,EGP 44.00,32 verified ratings,4.5/5,Sunsilk
106,Regina Pasta Linguini - 400g,EGP 10.95,248 verified ratings,4.6/5,Regina
107,Set Of 6 Pairs Short Socks Sport- High Quality,EGP 39.00,71 verified ratings,3.7/5,(71 verified ratings)
108,NIVEA Cocoa Butter Body Lotion Cream For Dry Skin - 200ml,EGP 48.00,1013 verified ratings,4.6/5,NIVEA
109,Beesline Whitening Roll On Deodorant - SUPER DRY- Powder Soft- 50ML,EGP 225.00,7 verified ratings,4.7/5,Beesline
110,NIVEA Natural Fairness Face & Body Cream - 50ml,EGP 16.00,168 verified ratings,4.4/5,NIVEA
111,Five Stars All Purpose Flour - 1 kg,EGP 18.00,519 verified ratings,4.5/5,Five Stars
112,Mesery Bundle Of Six Men Boxers,EGP 199.99,3124 verified ratings,4.2/5,Mesery
113,Emami 7 In 1 Non Sticky Hair Oil - 50ml,EGP 45.00,117 verified ratings,4.3/5,Emami
114,Dove Care Bundle - Intensive Repair Shampoo + Conditioner + Hand Wash + Free Bag,EGP 126.95,62 verified ratings,4.8/5,Dove
115,Mesery Bundle Of 4 Stretch Cotton Hotshort Panties,EGP 100.00 - EGP 109.99,686 verified ratings,4.1/5,Mesery
116,Seoul Slide Slippers For Women - Black,EGP 69.00,9 verified ratings,4.9/5,(9 verified ratings)
117,Sherraton Pure Ghee - 1500g,EGP 299.00,58 verified ratings,4.6/5,Sherraton
118,Sensodyne Extra Fresh Toothpaste for Sensitive Teeth - 100ml - Buy 2 Get 1 Free,EGP 115.00,38 verified ratings,4.8/5,Sensodyne
119,ABC Egypt Automatic Powder Detergent - 4 Kg,EGP 96.00,3 verified ratings,4.3/5,ABC Egypt
120,Italiano Ziti Pasta - 400g,EGP 9.95,278 verified ratings,4.5/5,Italiano
121,Karimed SNOW SHINE Free Sulfate Face Wash Gel For Oily Skin 150ML Plus Micellar Water 100ML,EGP 53.10,14 verified ratings,4.4/5,Karimed
122,Discount Nuts Roasted & Salted Cashew  - 500gm,EGP 173.00,1935 verified ratings,4.3/5,Discount Nuts
123,"Activ Patterned ""Hearts"" One Compartment Backpack - Black & Blue",EGP 149.00,8 verified ratings,4.9/5,Activ
124,Adidas Pure Game - EDT - For Men - 100ml,EGP 123.00,582 verified ratings,4/5,Adidas
125,Nokia 130 - 1.8-inch Dual SIM Mobile Phone - Gray,EGP 530.00,2 verified ratings,5/5,Nokia
126,Sunny Cooking and Frying Oil - 750 ml,EGP 30.15,72 verified ratings,4.7/5,Sunny
127,Karimed SNOW SHINE Free Sulfate Face Wash Gel For Oily Skin 150ML,EGP 79.00,18 verified ratings,4.6/5,Karimed
128,SIME HAIR Leave In Bonding Cream - 100ml,EGP 69.00,77 verified ratings,4/5,SIME HAIR
129,Maxtella Raw Chocolate 150g For Desserts And Cooking Purposes.,EGP 18.00,47 verified ratings,3.8/5,Maxtella
130,"Multi-size Stretch Silicone Food Cover, 6 Pieces",EGP 34.47,1063 verified ratings,3.8/5,(1063 verified ratings)
131,Me Now LipLiner Pencil Package - 12 Colors - 12 Pcs,EGP 79.00,560 verified ratings,3.9/5,Me Now
132,Gillette Venus Comfort Glide Breeze Shaver With 4 Cartridges For Women,EGP 199.00,213 verified ratings,4.6/5,Gillette
133,Mesery Bundle Of Three Full Coverage Non-wired Cross Back Sportive Bra,EGP 99.99,128 verified ratings,3.8/5,Mesery
134,Afia Corn Oil - 800ml,EGP 45.00,40 verified ratings,4.6/5,Afia
135,Me Now Lip Gloss Moist Serum Nourishing And Polishing - Transparent - 3.5 Ml.,EGP 49.00,273 verified ratings,4.4/5,Me Now
136,UG 32AJ20B6M-32-Inch HD TV (ATA Warranty),"EGP 2,005.00",5 verified ratings,4.8/5,UG
137,Adult Roller Skates Brakes Pads Inline Roller Skate Shoes,EGP 288.00,1 verified rating,1/5,(1 verified rating)
138,"Dolive Shower Gel, Body Wash, 2000 Ml, Royal Fragrance",EGP 70.00,37 verified ratings,4.3/5,Dolive
139,Karimed Brilliant Touch Shower Gel 1L With Moisturizer And Blueberry Scent,EGP 39.00,132 verified ratings,4.1/5,Karimed
140,Toilet Cleaning Brush With Large Plastic Hand,EGP 35.99,52 verified ratings,4.3/5,(52 verified ratings)
141,Dettol Original Soap - 85g,EGP 6.95,129 verified ratings,4.5/5,Dettol
142,Cottonil Bundle Of Three Breathable Cotton Undershirts - White,EGP 139.99,2288 verified ratings,4.3/5,Cottonil
143,SteriMax Antiseptic Soap - 1 Liter,EGP 44.90,18 verified ratings,4.8/5,SteriMax
144,Me Now Pro Waterproof Longlasting Eyeliner Kohl - 01 - 1.35g,EGP 35.00,382 verified ratings,4.2/5,Me Now Pro
145,NIVEA Natural Fairness Face & Body Cream For All Skin Types - 100ml,EGP 24.50,570 verified ratings,4.4/5,NIVEA
146,Starville Whitening Roll On Whitening Offer,EGP 140.00,3 verified ratings,5/5,Starville Whitening
147,Karimed Keraview Keratin Shampoo Argan Oil For Weak And Damaged Hair 350ml,EGP 22.50,47 verified ratings,3.9/5,Karimed
148,Knorr Shawerma Mix – 30 gm,EGP 5.00,74 verified ratings,4.6/5,Knorr
149,Defacto Woman Green T-shirt,EGP 136.00,23 verified ratings,4.6/5,Defacto
150,Fairy Ultra Lemon 620 5 LE Off,EGP 27.95,21 verified ratings,4.8/5,Fairy
151,Activ Patterned Zipped Backpack With Outer Pocket - Black & Purple,EGP 169.00,2 verified ratings,4/5,Activ
152,Maxtella Chocolate Hazelnut Spread -50 Gm,EGP 8.50,33 verified ratings,3.9/5,Maxtella
153,Dettol Re-Energize Soap - 85g,EGP 6.95,183 verified ratings,4.6/5,Dettol
154,Ariel Powder Lavender Detergent 5 Kilogram,EGP 180.00,18 verified ratings,4.1/5,Ariel
155,Al Wedad Two Piece Of Warmer Set With Padded Inside - GRAY,EGP 74.00 - EGP 150.00,12 verified ratings,4.8/5,Al Wedad
156,Set Of 6 Pairs Invisible Socks,EGP 39.99 - EGP 49.00,1869 verified ratings,4/5,(1869 verified ratings)
157,Tresemme Pack of Keratin Smooth & Straight Shampoo 400 ml + Keratin Smooth & Straight Hair Conditioner – 400 ml + Free Makeup Bag,EGP 124.95,44 verified ratings,4.8/5,Tresemme
158,El Hassan White Sugar - 1 Kg,EGP 17.99,,,(No ratings available)
159,Tresemme Pack of Botanix Nourish & Replenish Shampoo 400 ml + Botanix Nourish & Replenish Hair Conditioner – 400 ml,EGP 100.00,170 verified ratings,4.5/5,Tresemme
160,Skyline 32-22A - 32-inch HD LED TV,"EGP 2,050.00",2 verified ratings,5/5,Skyline
161,Leather Ankle Boot - Black,EGP 169.00,2278 verified ratings,3.8/5,(2278 verified ratings)
162,SteriMax Antiseptic Soap - 4 Liter,EGP 99.00,302 verified ratings,4.4/5,SteriMax
163,Nokia 106 - 1.8-inch Dual SIM Mobile Phone - Dark Grey,EGP 888.00,2 verified ratings,4.5/5,Nokia
164,Mintra Round Lunch Box - 150 ML - Fuchsia,EGP 6.00,1 verified rating,5/5,Mintra
165,Me Now New Eyeshadow Professional Palette - 18 Colors,EGP 109.00,823 verified ratings,4.4/5,Me Now
166,Hairy Grow Hair Tonic Oil Moroccan Argan With Vitamins-Set Of 2- 100 Ml,EGP 180.00,193 verified ratings,4.1/5,Hairy Grow
167,AM-Shop Bundle OF Six Brief Under Wear Smooth Cotton Hipster Panties,EGP 109.00 - EGP 119.00,289 verified ratings,3.7/5,AM-Shop
168,American Eagle Classic Fit Oxford Button-Up Shirt,EGP 400.00,150 verified ratings,4.5/5,American Eagle
169,Sunsilk Shine and Strength Hair Shampoo – 600ml,EGP 41.50,5 verified ratings,4.6/5,Sunsilk
170,Activ Everday Backpack With Functional Side & Front Pockets - Turquoise,EGP 169.00,10 verified ratings,4.9/5,Activ
171,Mesery Bundle OF (4) - No Show Cotton Panties,EGP 59.99,88 verified ratings,4/5,Mesery
172,"Gick Dish Washing Liquid, Lemon 675 Ml",EGP 15.00,10 verified ratings,4/5,Gick
173,Tresemme Pack of Keratin Smooth & Straight Shampoo 400 ml + Keratin Smooth & Straight Hair Conditioner – 400 ml 50% off,EGP 104.00,146 verified ratings,4.5/5,Tresemme
174,"Lama Wide Leg Pants- For Women, Black Color",EGP 95.00 - EGP 125.00,1479 verified ratings,4/5,Lama
175,Malika Bundle OF Six Printed Underwear - For Women,EGP 119.00 - EGP 129.00,1152 verified ratings,4.2/5,Malika
176,Nokia 150 - 2.4-inch Dual SIM Mobile Phone - Black,EGP 815.04,,,Nokia
177,Karimed GOLDEN STRAND Integrated After Care Conditioner 400ML,EGP 62.10,94 verified ratings,4.1/5,Karimed
178,Cottonil Bundle Of Three Men Undershirts Derby,EGP 159.99,1328 verified ratings,4.2/5,Cottonil
179,Fern Pure Butter Ghee - 1400g,EGP 338.25,,,Fern
180,L'Oreal Paris Hyaluron Expert 1.5% Hyaluronic Acid Serum - 30ml,EGP 255.00,2433 verified ratings,4.4/5,L'Oreal Paris
181,Activ Kids Self Pattern Backpack - Green & Black,EGP 169.00,5 verified ratings,5/5,Activ
182,Starville Whitening Roll On Light Pink Offer,EGP 140.00,2 verified ratings,5/5,Starville Whitening
183,Keyroad KR971587 - 12 Colors Fiber Marker Pen/color Box,EGP 20.00,35 verified ratings,4.4/5,Keyroad
184,Abu Auf light Turkish Coffee - 100Gm,EGP 23.00,260 verified ratings,4.4/5,Abu Auf
185,Chefy Mix Mustard - 1 Kg,EGP 33.00,527 verified ratings,4.4/5,Chefy Mix
186,ABA.EG Bundle OF (10) High Quality Socks From ABA.EG,EGP 70.00 - EGP 75.00,57 verified ratings,3.6/5,ABA.EG
187,Karimed Keraview Keratin Shampoo With Aloe Vera For Dry Hair 350ml,EGP 22.50,34 verified ratings,3.9/5,Karimed
188,Bundle Of (4) Classic Socks - For Men,EGP 36.00,1400 verified ratings,3.8/5,(1400 verified ratings)
189,NIVEA MEN Dry Impact Antiperspirant Deodorant Spray - For Men - 150ml,EGP 42.50,723 verified ratings,4.4/5,NIVEA MEN
190,Karimed Brilliant Touch Hand Wash 6 Pcs. With Moisturizer 90ML,EGP 27.00,4 verified ratings,4/5,Karimed
191,HM Collection Leather Oud - EDT - For Men - 30 ML,EGP 35.20,12 verified ratings,4/5,HM Collection
192,American Eagle Classic Fit Oxford Button-Up Shirt,EGP 400.00,238 verified ratings,4.5/5,American Eagle
193,Desert Canvas Slip On Sock Sneakers - Grey,EGP 259.00,68 verified ratings,4.7/5,Desert
194,L'Oreal Paris Hyaluron Expert Repluming Moisturizing Day Cream - 50ml,EGP 165.00,3087 verified ratings,4.4/5,L'Oreal Paris
195,Bundle Of (12) Women Ankle Socks For Women,EGP 49.99,167 verified ratings,3.4/5,(167 verified ratings)
196,"Gick Dish Washing Liquid, Lemon 1250 Ml",EGP 24.00,7 verified ratings,4.4/5,Gick
197,St Ives Moisturizer Renewing Collagen Elastin - 283 G,EGP 175.00,452 verified ratings,4.5/5,St Ives
198,L'Oreal Paris Hyaluron Expert Repluming Moisturizing Eye Cream - 15ml,EGP 112.00,1610 verified ratings,4.2/5,L'Oreal Paris
199,Dermatique Whitening Deodorant 40 ML,EGP 100.00,581 verified ratings,4.3/5,Dermatique
200,"Parodontax Parodontax Fluoride Daily Toothpaste for Bleeding Gums, 100ml",EGP 35.00,5 verified ratings,5/5,Parodontax
201,Yollo's Cocoa Pops Corn Flakes - 30g,EGP 6.00,1 verified rating,5/5,Yollo's
202,Lipton Pure Non-Bitter Green Tea - 25 Bags,EGP 14.75,195 verified ratings,4.5/5,Lipton
203,Activ Printed Zipped One Compartment Backpack - Red,EGP 189.00,2 verified ratings,4.5/5,Activ
204,Nescafe 3In1 Rich Coffee - 21g - 12 Pcs,EGP 37.75,47 verified ratings,4.6/5,Nescafe
205,El Maleka Risoni Pasta - 400g,EGP 7.60,179 verified ratings,4.5/5,El Maleka
206,Break Plastic Lunch Box - 2 L,EGP 89.00,39 verified ratings,4/5,Break
207,ORAL-B Charcoal Soft Whitening Therapy Toothbrush - 1 Pc,EGP 38.95,3 verified ratings,3.7/5,ORAL-B
208,Always Cotton Soft Ultra Thin Long Sanitary Pads 14 Pieces,EGP 27.00,5 verified ratings,4.4/5,Always
209,Nescafe 3 in 1 Hazelnut Pack - 24 Pcs x 18 gm,EGP 57.00,27 verified ratings,4.5/5,Nescafe
210,Axe Aerosol Black Deodorant and Body Spray for Men - 150 ml,EGP 53.45,684 verified ratings,4.4/5,Axe
211,Star Ethyl Alcohol 70 % - 1 Liter,EGP 36.00,32 verified ratings,4.1/5,Star
212,Nokia 130 (2017) - 1.8-inch Dual SIM Mobile Phone - Black,EGP 549.00,1 verified rating,5/5,Nokia
213,Starville Whitening Whitening Roll On - 60ml,EGP 72.00,,,Starville Whitening
214,American Eagle AE Thermal,EGP 225.00,24 verified ratings,4.8/5,American Eagle
215,Karimed Brilliant Touch Shower Gel 1000ML 2Pcs. Peach And Kiwi,EGP 62.91,7 verified ratings,4.1/5,Karimed
216,Media Tech MT-H233 Hand Mixer - 500 W - White/Grey,EGP 284.00,24 verified ratings,4/5,Media Tech
217,NIVEA Fresh Orange Deodorant For Women Spray - 150 ml,EGP 42.90,147 verified ratings,4.5/5,NIVEA
218,Fashion Open Front Drop Shoulder Tassel Hem Kimono,EGP 149.00,64 verified ratings,4.7/5,Fashion
219,Italiano Small Rings Pasta - 400g,EGP 9.95,371 verified ratings,4.6/5,Italiano
220,"Finish Classic Powerball Dishwasher Tablets, 13 Tabs - Pack of 3 @50% Off",EGP 149.95,1 verified rating,5/5,Finish
221,Mesery Bundle Of Six Solid Slip On Underwear,EGP 129.99,1639 verified ratings,4.2/5,Mesery
222,Karimed Brilliant Touch Shower Gel 1000ML With Moisturizer And Peach Scent,EGP 39.00,138 verified ratings,3.9/5,Karimed
223,Activ Floral Zipped Backpack With Outer Pocket - Mauve,EGP 169.00,5 verified ratings,4.8/5,Activ
224,Might Cinema New Extreme Highlighter - 4 Colors Set,EGP 69.00,256 verified ratings,4.4/5,Might Cinema
225,Might Cinema Matte Dynamic Liquid Eyeliner - Black - 1.5g,EGP 42.00,1059 verified ratings,4.2/5,Might Cinema
226,Johnson's Baby Shampoo - 750ml,EGP 82.89,396 verified ratings,4.5/5,Johnson's
227,Flat Fashion Sneakers - White & Pink - From Fast Deals,EGP 179.00,870 verified ratings,4.3/5,(870 verified ratings)
228,NIVEA Fresh Natural Deodorant Spray - For Women - 150ml,EGP 44.90,838 verified ratings,4.5/5,NIVEA
229,Paita Backpack - Black,EGP 170.00,173 verified ratings,4.3/5,(173 verified ratings)
230,Hayat Cooking and Frying Oil - 970ml,EGP 42.50,53 verified ratings,4.5/5,Hayat
231,Maybelline New York The Falsies Instant Lash Lift Lengthening Volumizing Mascara - Black,EGP 161.00,1 verified rating,5/5,Maybelline New York
232,Ho Holland Men's Polo Shirt - Multi Color,EGP 195.00,402 verified ratings,4.1/5,Ho Holland
233,Embrator Bundle Of Three Breathable Half Sleeves Cotton Undershirts - White,EGP 159.99,729 verified ratings,4.3/5,Embrator
234,Dettol Antiseptic Disinfectant Liquid 950ml - Pack of 2,EGP 212.95,337 verified ratings,4.7/5,Dettol
235,Maybelline New York Ancill Fit Me Concealer - 20 Sand,EGP 141.00,,,Maybelline New York
236,Karimed HI BEAUTY Leave In Lotion 150ML Spray One Minute Repair,EGP 47.00,18 verified ratings,4.1/5,Karimed
237,,,,,
238,Avuva Body Splash Flower + Shower Gel - 253ml Gift,EGP 95.00,1 verified rating,5/5,Avuva
239,American Eagle Super Soft Icon V-Neck T-Shirt,EGP 125.00,66 verified ratings,4.6/5,American Eagle
240,ABC Egypt ABC Liquid Dishwashing Dish Soap Strawberry Scent 700 Ml,EGP 12.00,2 verified ratings,4.5/5,ABC Egypt
241,IGel-Power Gel Liquid Laundry Detergent-Front & Top Load 2 Litre Offer,EGP 65.00,148 verified ratings,4.2/5,(148 verified ratings)
242,"ORAL-B Surrounding Black Toothbrush, Medium Manual Toothbrush, 3 Count",EGP 28.45,1 verified rating,2/5,ORAL-B
243,Elegant Men Solid Wallet & Card Holders - Havan - One Size,EGP 110.00,1156 verified ratings,4.2/5,(1156 verified ratings)
244,Dettol Original Soap - 115g,EGP 11.45,142 verified ratings,4.5/5,Dettol
245,"Smart Scent Car Freshener, Smart Scent, Black Ice Mini Paper",EGP 10.00,17 verified ratings,4.4/5,Smart Scent
246,THE PACK - [5 Pack] Microwave Boxes Insulated Healthy Food Storage Containers With Lids For Dishwasher Freezer Safe (750ML- 26 OZ),EGP 72.00,115 verified ratings,3.6/5,(115 verified ratings)
247,Guess By Marciano - EDP - For Women - 100 Ml,EGP 525.00,443 verified ratings,4.3/5,Guess
248,Gillette Venus Breeze Razors Refill - 4 Pcs,EGP 229.45,45 verified ratings,4.5/5,Gillette
249,Leather Women Back Bag - Black,EGP 93.00,790 verified ratings,4.2/5,(790 verified ratings)
250,NIVEA Invisible Black & White Original Antiperspirant Deodorant Spray - For Women - 150ml,EGP 42.50,470 verified ratings,4.5/5,NIVEA
251,American Eagle Thermal,EGP 225.00,31 verified ratings,4.7/5,American Eagle
252,VGR V-055-Rechargeable Hair Shaver + Gift Bag From Dukan Alaa,EGP 175.00,1100 verified ratings,4.2/5,VGR
253,Nescafe 3 in 1 Caramel Pack - 24 Pcs x 18,EGP 58.00,15 verified ratings,4.7/5,Nescafe
254,Maxtella White Chocolate Spread - 950 Gm,EGP 80.00,106 verified ratings,4.4/5,Maxtella
255,"Dolive Shower Gel, Body Wash, 2000 Ml, Peach",EGP 70.00,21 verified ratings,4.4/5,Dolive
256,Nescafe 2in1 Rich and Smooth Instant Coffee Sachets – 24 PCs,EGP 52.75,34 verified ratings,4.7/5,Nescafe
257,Emami Kesh King Anti-Hair Fall Shampoo - 340 Ml,EGP 139.75,1677 verified ratings,4.4/5,Emami
258,Mothercare Cream Tights - 2 Pack,EGP 95.00,82 verified ratings,4.8/5,Mothercare
259,Italiano Shells Pasta - 400g,EGP 11.00,259 verified ratings,4.6/5,Italiano
260,Al Wedad Two Piece Of Warmer Set With Padded Inside - CYAN,EGP 69.00 - EGP 140.00,10 verified ratings,4.4/5,Al Wedad
261,Floveme Portable Power Banks 10000 MAh Utra Slim Fast Charger,EGP 199.00,9 verified ratings,4.1/5,Floveme
262,"Iku S1 Mini, 1.8 Inches Display - 600 MAh Battery-Black",EGP 250.00,3 verified ratings,4.7/5,Iku
263,Rexona Charcoal Detox Spray Deodorant - 150ml,EGP 42.95,,,Rexona
264,Crystal Sunflower Oil 5 Liter,EGP 232.25,84 verified ratings,4.5/5,Crystal
265,Bundle Of (6) Basic Socks - High Quality,EGP 37.00,302 verified ratings,3.3/5,(302 verified ratings)
266,Desert Minimalist Lace-Up White Flat Sneakers,EGP 259.00,982 verified ratings,4.1/5,Desert
267,AL Asil Sunflower Oil - 2.25 Liter.,EGP 91.25,108 verified ratings,4.5/5,AL Asil
268,"Iku S1 Mini, 1.8 Inches Display - 600 MAh Battery-Brown",EGP 250.00,4 verified ratings,2.5/5,Iku
269,Gillette Venus Breeze 2in1 Women's Razor + 2 Blades,EGP 125.00,174 verified ratings,4.5/5,Gillette
270,SHEIN SHEIN-Acrylic Frame Sunglasses-4049,EGP 179.00,281 verified ratings,4.6/5,SHEIN
271,Bath Brush With Long Handle-Portable Design 1.pcs,EGP 99.00,250 verified ratings,4/5,(250 verified ratings)
272,Nesquik Chocolate Powder – 13.5 gm - 12 Sachets,EGP 25.00,20 verified ratings,4.6/5,Nesquik
273,Karimed SNOW SHINE Micellar Water 2Pcs. Makeup Remover 100ML,EGP 44.91,10 verified ratings,4.7/5,Karimed
274,Cutting Board Non-slip Vegetable Meat - 4 PCs,EGP 44.00,655 verified ratings,4.1/5,(655 verified ratings)
275,"Pampers Premium Care Diapers Size 4, Maxi, 9-18 Kg (64 diapers)",EGP 195.10,45 verified ratings,4.6/5,Pampers
276,Star Pasta Vermicelli - 1kg,EGP 17.00,125 verified ratings,4.6/5,Star
277,"Sokany Recharge Nescafe Racket, Foam Maker- 1 Pcs + Gift Bag Dukan Alaa",EGP 279.00,79 verified ratings,4.3/5,Sokany
278,Mr. Food Golden Basmati Rice - 1 Kg,EGP 42.00,300 verified ratings,4.2/5,Mr. Food
279,Signal Complete 8 Toothpaste With Charcoal - 50 Ml,EGP 12.95,113 verified ratings,4.4/5,Signal
280,Mesery Bundle Of Six Comfy Slip On Regular Boxers,EGP 199.00,898 verified ratings,4/5,Mesery
281,Me Now Matte Lipstick - 6 Colors - 6 Pcs,EGP 75.00,221 verified ratings,4.2/5,Me Now
282,Daria Basmati Golden Rice – 1 Kg,EGP 53.00,19 verified ratings,4.6/5,Daria
283,Sunny Cooking and Frying Oil - 4.4L,EGP 176.15,36 verified ratings,4.5/5,Sunny
284,Corrector And Protector For The Treatment Of Toe Bunion Pain,EGP 62.00,299 verified ratings,3.7/5,(299 verified ratings)
285,Cottonil Bundle Of Three Unique Printed Boxers,EGP 169.99,810 verified ratings,4.3/5,Cottonil
286,Funny Bunny Set Of (3) Printed Pants - For NewBorn,EGP 106.00 - EGP 121.00,106 verified ratings,4.5/5,Funny Bunny
287,Mesery Bundle OF Three Brief Smooth Cotton Hipster Panties.,EGP 59.99,310 verified ratings,4.2/5,Mesery
288,Crystal Yellow Vegetable Ghee - 2.5 Kg,EGP 110.00,14 verified ratings,4.6/5,Crystal
289,Break Plastic Lunch Box / Purple - 2 L,EGP 89.00,12 verified ratings,4.6/5,Break
290,Axe Black Night Deodorant and Body Spray for Men - 150 ml,EGP 53.35,1306 verified ratings,4.4/5,Axe
291,Mesery Bretelle Short Dress Cotton Thin Strap - Black,EGP 99.99,104 verified ratings,4.2/5,Mesery
292,Vaseline Cocoa Radiant Intensive Care Body Lotion - 400ml,EGP 119.95,130 verified ratings,4.5/5,Vaseline
293,Izor Crew Neck Short Sleeves Casual Tee - Heather Charoal,EGP 129.00,171 verified ratings,4.2/5,Izor
294,Me Now Pro Longlasting Waterproof Exceptional Eyeliner 0.28g - Black 01,EGP 35.00,161 verified ratings,4.2/5,Me Now Pro
295,Fashion Women Mesh Sneakers- White,EGP 175.00,269 verified ratings,4.5/5,(269 verified ratings)
296,Adidas Get Ready - EDT - For Men - 100ml,EGP 123.00,315 verified ratings,4.1/5,Adidas
297,Mesery Bundle Of Three Cotton Stretch Plain Tank Tops,EGP 139.99,64 verified ratings,4.2/5,Mesery
298,ABC Egypt HAND WASH Powder Detergent - 10 Kg ROSE Scent,EGP 169.00,1 verified rating,5/5,ABC Egypt
299,Head Massage Tool_Manual - 2pcs,EGP 28.70,20 verified ratings,4.5/5,(20 verified ratings)
300,Laptop Bag 156-Inch Laptop With Audio & USB Charge Port – Black,EGP 154.00,156 verified ratings,3.8/5,(156 verified ratings)
301,Desert Basic Lace-up Chamois Black Sneakers For Men,EGP 299.00,13 verified ratings,4.1/5,Desert
302,Durex Play Feel Pleasure Gel - 50ml,EGP 120.00,754 verified ratings,4.4/5,Durex
303,"Maxtella Cooking White Chocolate,150 G",EGP 20.00,19 verified ratings,4.1/5,Maxtella
304,Steviadiet 70sachet Each 1gm Diet Sugar,EGP 50.00,29 verified ratings,3.6/5,(29 verified ratings)
305,Cottonil Pack Of 3 Smooth Cotton Half Sleeves Undershirts - White,EGP 169.99,693 verified ratings,4.3/5,Cottonil
306,Dermatique Sunscreen SPF50+ Mattifying Fluid - 50ml,EGP 180.00,546 verified ratings,4.3/5,Dermatique
307,Essence Lash Princess False Lash Effect Mascara - 12ml - Black,EGP 132.46,1293 verified ratings,4.2/5,Essence
308,Sport Earphone Perfect Stereo Sound Headphone Q9 SB,EGP 36.00,40 verified ratings,4/5,(40 verified ratings)
309,American Eagle Super Soft Graphic T-Shirt,EGP 225.00,1 verified rating,5/5,American Eagle
310,Lipton Pure Green Tea Non Bitter - 100 Tea Bags,EGP 26.40,56 verified ratings,4.6/5,Lipton
311,Desert Basic Lace-up Flat Sneakers For Men - White,EGP 299.00,44 verified ratings,4.1/5,Desert
312,Knorr Chicken 24 Cube - 216gm,EGP 14.95,68 verified ratings,4.7/5,Knorr
313,LC Waikiki Double Band Buckle Detail Men's Slippers,EGP 118.00,14 verified ratings,4/5,LC Waikiki
314,LC Waikiki Crew Neck Short Sleeve Printed Cotton Baby Girl Athlete 2 Pack,EGP 137.00,2 verified ratings,4/5,LC Waikiki
315,Discount Nuts Roasted & Salted Mix Nuts - 500gm,EGP 144.00,1179 verified ratings,4.2/5,Discount Nuts
316,Star Pasta Penne - 1kg,EGP 17.00,165 verified ratings,4.5/5,Star
317,Cif Lemon Multi Purpose Cream Cleaner - 500 ml,EGP 35.00,37 verified ratings,4.7/5,Cif
318,Golon 608 Radio Classic Mini Electric - Brown,EGP 146.00,353 verified ratings,4.4/5,Golon
319,Emami Kesh King Anti-Hair Fall Shampoo - 80ml,EGP 59.00,11 verified ratings,4.5/5,Emami
320,Nescafe Classic Coffee - 200g,EGP 112.95,156 verified ratings,4.6/5,Nescafe
321,Halla Sunflower Oil - 1.5 Liter.,EGP 63.90,1 verified rating,4/5,Halla
322,Garnier Moisturizing Hydra Bomb Tissue Mask With Pomegranate,EGP 44.00,853 verified ratings,4.3/5,Garnier
323,Sunsilk Thick and Long Hair Shampoo – 600ml,EGP 45.45,,,Sunsilk
324,Star Pasta Spaghetti - 1kg,EGP 17.00,100 verified ratings,4.5/5,Star
325,Azhar A4 Print And Paper Pack - 70G - 5 Package High Quality Product Hi White Paper,EGP 690.00,3 verified ratings,4/5,Azhar
326,American Eagle Fleece Zip-Up Hoodie,EGP 550.00,107 verified ratings,4.4/5,American Eagle
327,Casual Pants For Women Wide Leg,EGP 120.00 - EGP 140.00,102 verified ratings,3.8/5,(102 verified ratings)
328,Mesery Bundle Of Three Solid Slip On Underwear.,EGP 79.99,1769 verified ratings,4.1/5,Mesery
329,Mini Hair Straightener +1 PcsGift Bag Dukan Alaa,EGP 65.00,165 verified ratings,3.8/5,(165 verified ratings)
330,Heinz Tomato Paste – 360g,EGP 14.25,2 verified ratings,5/5,Heinz
331,Penduline Hair Cream For Babies - 150ml,EGP 60.00,383 verified ratings,4.3/5,Penduline
332,Yollo's Plain Corn Flakes - 30g,EGP 6.00,,,Yollo's
333,Wendy Wet Wipes Rose Scent With Cap – 72 Wipes,EGP 17.00,4 verified ratings,5/5,(4 verified ratings)
334,Vaseline Original healing jelly - 50ml,EGP 22.00,78 verified ratings,4.5/5,Vaseline
335,Mesery Bundle OF Six Underwear - For Women,EGP 100.00 - EGP 129.99,194 verified ratings,4.4/5,Mesery
336,Clear Shampoo Cool Sport - 180Ml,EGP 32.00,9 verified ratings,4.2/5,Clear
337,Velveta Fabric Softener & Freshener Gel -Happiness Scent - 1 L,EGP 25.95,3 verified ratings,4.7/5,Velveta
338,6 Pieces Men's Boxer Shorts,EGP 119.00,320 verified ratings,3.7/5,(320 verified ratings)
339,L'Oreal Paris Hyaluron Expert 24H Repluming Moisturizing Tissue Mask,EGP 44.00,938 verified ratings,4.4/5,L'Oreal Paris
340,Wendy Wet Wipes Waterfall Scent With Cap – 72 Wipes,EGP 17.00,1 verified rating,5/5,(1 verified rating)
341,Servet Sneakers Comfort Sport Shoes For Women - Black - Made In Turkey,EGP 285.00,25 verified ratings,4.5/5,Servet
342,Luanda Front Logo Slide Slippers For Women - Light Pink,EGP 69.00,168 verified ratings,4.5/5,(168 verified ratings)
343,Mesery Bundle Of (3) TankTop + Bundle Of Six Women Brief,EGP 259.00,219 verified ratings,4.2/5,Mesery
344,L'Oreal Paris Hyaluron Expert Moisturizing Night Cream Mask - 50ml,EGP 165.00,2647 verified ratings,4.4/5,L'Oreal Paris
345,Plastic & Metal Shoe Organizer - 4 Levels,EGP 95.25,1194 verified ratings,4/5,(1194 verified ratings)
346,Braun Silk-epil 9-720 Wet & Dry epilator with 4 extras including a Shaver Head and a Trimmer Cap,"EGP 1,899.00",22 verified ratings,4.9/5,Braun
347,Blue Bell Malinda Gel - 200 ML,EGP 84.00,95 verified ratings,4.4/5,Blue Bell
348,SteriMax Antiseptic Soap 2 Jerrycan - 4 Liter,EGP 189.00,22 verified ratings,4.7/5,SteriMax
349,Rexona Peach Spark & Lemon Grass Spray Antiperspirant - 150ml,EGP 42.00,,,Rexona
350,"NIVEA Dry Comfort, Deodorant for Women, Spray -150ml",EGP 42.50,143 verified ratings,4.7/5,NIVEA
351,Luna Emollient Cream For Hand & Body - Cocoa Butter 75gm,EGP 27.00,367 verified ratings,4.5/5,Luna
352,American Eagle Active 24/7 Jogger,EGP 375.00,4 verified ratings,4/5,American Eagle
353,LC Waikiki Crew Neck Printed Short Sleeve Cotton Women's T-Shirt,EGP 89.00,2 verified ratings,5/5,LC Waikiki
354,Kangaroo Hand Wallet For Men - Camel,EGP 110.00,18 verified ratings,4.3/5,(18 verified ratings)
355,Lazord Casserole - 2 Pcs - Black,EGP 190.00,113 verified ratings,4.4/5,Lazord
356,Regina Pasta Penne - 400g,EGP 12.00,206 verified ratings,4.7/5,Regina
357,Rotana Track Pants Black With An Open Line,EGP 99.99,7 verified ratings,4.6/5,Rotana
358,American Eagle Slim Fit Oxford Button-Up Shirt,EGP 400.00,141 verified ratings,4.6/5,American Eagle
359,Rexona Workout Antiperspirant Spray for Women – 150 Ml,EGP 42.95,72 verified ratings,4.6/5,Rexona
360,Activ Front Zipper Pocket Printed Backpack - Aqua,EGP 189.00,2 verified ratings,4.5/5,Activ
361,Cottonil Bundle Of Six Patterned Boxers - For Men,EGP 349.99,757 verified ratings,4.4/5,Cottonil
362,Dice 100% Cotton Three Sleeveless Solid Men T-shirt -White,EGP 129.99 - EGP 130.00,179 verified ratings,4.3/5,Dice
363,Servet Sneakers Comfort Sport Shoes For Women - Beige - Servet El Turkey,EGP 285.00,30 verified ratings,4.6/5,Servet
364,Axe Gold Temptation Spray For Men - 150ml,EGP 53.35,700 verified ratings,4.5/5,Axe
365,Axe Aerosol Dark Temption Body Spray for Men - 150 ml,EGP 48.00,637 verified ratings,4.5/5,Axe
366,Heinz Natural Vinegar – 1L,EGP 9.95,62 verified ratings,4.7/5,Heinz
367,Mesery Bundle Of Three Breathable Cotton Stretch Undershirts,EGP 159.99,79 verified ratings,4.2/5,Mesery
368,Hygiene Sensitive Skin Baby Wet Wipes - 70 + 10 Wipes,EGP 25.20,29 verified ratings,4.2/5,Hygiene
369,Defacto Man Beige Joggers,EGP 184.00,3 verified ratings,5/5,Defacto
370,"Aloe Eva Argan Hair Care Bundle (Shampoo , Conditioner , Hair Oil , Hair Mask ) – 4 pcs",EGP 115.00,174 verified ratings,4.3/5,Aloe Eva
371,"Pampers Premium Care Diapers Size 3, Midi, 6-10 Kg (64 diapers)",EGP 218.75,13 verified ratings,4.5/5,Pampers
372,L'Oreal Paris Colour Riche Extraordinaire Liquid Lipcolour - 500 Molto Mauve,EGP 99.00,8 verified ratings,4.3/5,L'Oreal Paris
373,Hairy Grow Hair Tonic Oil Moroccan Argan With Vitamins- 100 Ml,EGP 90.00,88 verified ratings,4.3/5,Hairy Grow
374,Harvest Strained Fava Beans – 400g – 2 Pcs,EGP 21.00,59 verified ratings,4.6/5,Harvest
375,"Dolive Shower Gel, Body Wash, 2000 Ml, Night Flower",EGP 70.00,21 verified ratings,4.2/5,Dolive
376,Me Now Pro All New Dynamic Liquid Eyeliner - 1.3g - 01,EGP 59.00,59 verified ratings,4.4/5,Me Now Pro
377,SHEIN Metal Frame Tinted Lens Glasses-6852,EGP 179.00,26 verified ratings,4.5/5,SHEIN
378,Staedtler Plastic Ruler 15Cm with holder - Set of 2,EGP 8.00,6 verified ratings,4/5,Staedtler
379,Tokyo Flip Flop Slippers For Men -Black,EGP 59.00,90 verified ratings,4.4/5,(90 verified ratings)
380,Mesery Bundle OF Three Underwear - For Women,EGP 69.99,34 verified ratings,4.6/5,Mesery
381,Wet Baby Sensitive Wipes Chamomile With Cap - Vitamin E – 72 Wipes,EGP 17.00,4 verified ratings,4.3/5,(4 verified ratings)
382,Imtenan Parsley Celery - 18 Sachet,EGP 24.20,39 verified ratings,4.4/5,Imtenan
383,Digital Food Scale - 10Kg,EGP 97.99,648 verified ratings,4.2/5,(648 verified ratings)
384,Me Now Pro MN Lash Doubling Mascara For Long Thick Curly Lashes - Black 01 - 8g,EGP 49.00,87 verified ratings,4.2/5,Me Now Pro
385,Servet Sneakers Comfort Sport Shoes For Women - White - Servet El Turkey,EGP 285.00,9 verified ratings,5/5,Servet
386,El Maleka Big Rings Pasta - 1Kg,EGP 15.00,402 verified ratings,4.6/5,El Maleka
387,SteriMax Antiseptic Soap 2 Jerrycan - 4 Liter,EGP 189.00,22 verified ratings,4.7/5,SteriMax
388,Halwani Brothers Halwani Brothers Strawberry Jam - 750g,EGP 29.88,12 verified ratings,4.8/5,Halwani Brothers
389,Vaseline Intensive Care™ Essential Healing Body Lotion – 200 ml,EGP 60.00,3 verified ratings,4.3/5,Vaseline
390,Maybelline New York Sensational Color Elixir Lip Color - 095 Blush Essence,EGP 99.00,3 verified ratings,4.3/5,Maybelline New York
391,Kangaroo Hand Wallet For Men - Camel,EGP 110.00,18 verified ratings,4.3/5,(18 verified ratings)
392,MEGA Shoes RED-black Sports Shoes Washable With Light EVA Sole,EGP 180.00,35 verified ratings,4.3/5,MEGA Shoes
393,LC Waikiki Basic Polo Neck Short Sleeve Piqué Men's T-Shirt,EGP 119.00,2 verified ratings,4.5/5,LC Waikiki
394,Fern Golden Mix Vegetable Ghee - 700g,EGP 44.00,38 verified ratings,4.6/5,Fern
395,Cottonil Bundle Of Three Smooth Cotton Briefs,EGP 100.00,297 verified ratings,4.4/5,Cottonil
396,Starville Whitening Whitening Cleanser - 200ml,EGP 80.00,3 verified ratings,5/5,Starville Whitening
397,Fern Pure Natural Butter Ghee - 1.8Kg,EGP 357.00,49 verified ratings,4.8/5,Fern
398,LC Waikiki Classic Crew Neck Floral Long Sleeve Women's Tunic,EGP 239.00,2 verified ratings,4.5/5,LC Waikiki
399,Sherraton Pure Ghee - 800g,EGP 159.00,82 verified ratings,4.7/5,Sherraton
400,Etude House My Lash Serum,EGP 134.99,1030 verified ratings,4.1/5,Etude House
401,American Eagle Fleece Zip-Up Hoodie,EGP 550.00,85 verified ratings,4.5/5,American Eagle
402,Essence I Love Extreme Crazy Volume Mascara - 12ml - Black,EGP 110.00,795 verified ratings,4.4/5,Essence
403,Causal Wide Leg Pants - Black,EGP 99.00,,,(No ratings available)
404,Maybelline New York Sensational Color Elixir Lip Color - 025 Mauve Mystique,EGP 99.00,11 verified ratings,4.5/5,Maybelline New York
405,Dice Bundle OF Two Sleeveless Top & Boxer - For Kids,EGP 149.00,64 verified ratings,4.4/5,Dice
406,Garnier Fast Bright Vitamin C Purifying Gel Wash – 400ml Skin Care,EGP 88.00,16 verified ratings,4.1/5,Garnier
407,Glasgow Perforated Slide Slippers For Men - Black,EGP 69.00,119 verified ratings,4.3/5,(119 verified ratings)
408,Gawaher Elbow Pasta - 350g,EGP 6.00,37 verified ratings,4.3/5,Gawaher
409,Me Now Make Up Set Palette Professional - 78 Colors,EGP 219.00,66 verified ratings,4.3/5,Me Now
410,Belt Buckles Shirt Holder Belt Adjustable For Chemise,EGP 56.00,645 verified ratings,3.8/5,(645 verified ratings)
411,Mesery Bundle Of Three Cotton Stretch Plain Spaghetti Tops,EGP 129.99,667 verified ratings,4.2/5,Mesery
412,Mesery Bundle Of Three Cotton Stretch Plain Tank Tops,EGP 129.99,59 verified ratings,4.1/5,Mesery
413,Durex Pleasure Me Condoms - 12 Pcs,EGP 139.08,820 verified ratings,4.4/5,Durex
414,Al Wedad Two Piece Of Warmer Set With Padded Inside - Melon,EGP 69.00 - EGP 140.00,168 verified ratings,4.4/5,Al Wedad
415,Aquafresh Little Teeth Toothpaste 3-5 years - 50ml,EGP 17.44,,,Aquafresh
416,Lino Oat Biscuit Coconut - 180 Gm - 12 Piece,EGP 20.00,44 verified ratings,4.3/5,Lino
417,Zeina Classic 550 Soft Tissues - 10 Mega Packs,EGP 162.70,160 verified ratings,4.4/5,Zeina
418,Bundle Of (12) Women Ankle Socks For Women,EGP 47.00,902 verified ratings,4/5,(902 verified ratings)
419,Signal Toothpaste Cavity Fighter - 120Ml,EGP 19.95,16 verified ratings,4.7/5,Signal
420,Activ Side Double Black Strips Sneakers - White & Black,EGP 329.00,1 verified rating,5/5,Activ
421,Palmolive Coconut & Milk Shower Gel - 500 ml,EGP 47.84,3 verified ratings,4.7/5,Palmolive
422,Discount Nuts Roasted & Salted Almond  - 500gm,EGP 130.80,723 verified ratings,4.3/5,Discount Nuts
423,Sokany Professional Hair Dryer Sokany -2300W,EGP 146.95,289 verified ratings,3.8/5,Sokany
424,VGR V-228 Professional Rechargeable Hair Trimmer,EGP 238.00,399 verified ratings,4.2/5,VGR
425,"Smart Scent Car Freshener, Smart Scent, Black Ice XXL Paper",EGP 23.00,30 verified ratings,4.3/5,Smart Scent
426,Nileton Sportswear - Sport Leggings Pants With Pocket - Black,EGP 185.00,118 verified ratings,4.6/5,Nileton
427,Activ Self Patterned Green & Mint Backpack,EGP 169.00,2 verified ratings,5/5,Activ
428,American Eagle AE Linen Band Collar Button Up Shirt,EGP 350.00,1 verified rating,5/5,American Eagle
429,NIVEA MEN Creme Moisturizing All Purpose Cream Tin - For Men - 75ml,EGP 35.95,319 verified ratings,4.4/5,NIVEA MEN
430,Karimed Brilliant Touch Hand Wash 500ML And 90ML Free Red,EGP 28.00,1 verified rating,4/5,Karimed
431,Wet Baby Sensitive Wipes Chamomile With Cap - Vitamin E – 120 Wipes,EGP 19.00,15 verified ratings,4.8/5,(15 verified ratings)
432,Garnier Micellar Water Face Cleanser & Daily Make-up Remover - 400ml,EGP 155.00,2969 verified ratings,4.5/5,Garnier
433,Glass Bottle - 0.5 L,EGP 19.00,70 verified ratings,4.1/5,(70 verified ratings)
434,Activ Front Patterned Pocket Zipper Backpack - Red,EGP 169.00,3 verified ratings,4/5,Activ
435,American Eagle Slim Flex Polo Shirt,EGP 350.00,263 verified ratings,4.7/5,American Eagle
436,Vaseline Lip Therapy Rosy Lips - 17g,EGP 75.00,2 verified ratings,5/5,Vaseline
437,LC Waikiki Crew Neck Short Sleeve Printed Cotton Baby Girl T-Shirt,EGP 65.00,1 verified rating,4/5,LC Waikiki
438,Juhayna Juhayna 0% Fat Milk – 1 L,EGP 20.00,5 verified ratings,4.8/5,Juhayna
439,Bundle Of (12) Basic Socks - High Quality,EGP 64.00,15 verified ratings,3.5/5,(15 verified ratings)
440,"Water Bottle My Bottle For School ,Clubs And Gym 500 Ml 1 Pcs",EGP 79.99,18 verified ratings,3.7/5,(18 verified ratings)
441,Desert Men Minimalist Lace-up White Flat Sneakers,EGP 299.00,2 verified ratings,4/5,Desert
442,Activ Full Blue Backpacks With A Front Pocket,EGP 169.00,1 verified rating,5/5,Activ
443,Al Wedad Two Piece Of Warmer Set With Padded Inside - Yellow,EGP 69.00 - EGP 140.00,154 verified ratings,4.4/5,Al Wedad
444,Nileton Sportswear - Sport Leggings Pants With Pocket - High Stretch,EGP 195.00,18 verified ratings,4.3/5,Nileton
445,Emami Kesh King Anti-Hair Fall Shampoo - 200 Ml,EGP 96.99,1500 verified ratings,4.3/5,Emami
446,Leather Cross Bag - HAVAN,EGP 169.00,81 verified ratings,4.3/5,(81 verified ratings)
447,Karimed Keraview Keratin Shampoo With Jojoba Oil For Greasy Hair 350ml,EGP 45.00,12 verified ratings,4.3/5,Karimed
448,Star Pasta Rice - 400g,EGP 7.00,47 verified ratings,4.4/5,Star
449,Regina Pasta Spaghetti - 400g,EGP 11.00,219 verified ratings,4.5/5,Regina
450,American Eagle AE Pique Polo Shirt,EGP 275.00,,,American Eagle
451,Karimed SNOW SHINE Micellar Water4Pcs. Makeup Remover Rose 100ML,EGP 156.00,11 verified ratings,4.7/5,Karimed
452,"American Eagle Eagle 6"" Classic Boxer Brief",EGP 125.00,88 verified ratings,4.2/5,American Eagle
453,Servet Sneakers Comfort Sport Shoes For Women - Black - Made In Turkey,EGP 285.00,13 verified ratings,4.4/5,Servet
454,Defacto Woman White T-shirt,EGP 160.00,2 verified ratings,5/5,Defacto
455,Mero Flower Honey 380g +Sugarcane Molasses Syrup 380g,EGP 29.75,6 verified ratings,3.7/5,Mero
456,Tornado TH-C12YEE Cooling Only Split Air Conditioner - 1.5hp,"EGP 6,999.00",2 verified ratings,3/5,Tornado
457,Tornado THB-600M Electric Hand Blender - 600 W,EGP 755.00,11 verified ratings,4.4/5,Tornado
458,Socks - Set Of (12) Ankle Socks - For Kids,EGP 69.00,48 verified ratings,3.6/5,(48 verified ratings)
459,Mesery Bundle OF (4) - No Show Cotton Panties,EGP 59.00,49 verified ratings,3.7/5,Mesery
460,Desert Fashion / Sportive Canvas Slip On Sneakers - Grey,EGP 259.00,16 verified ratings,3.7/5,Desert
461,Embrator Bundle Of Three 100% Pure Cotton Solid Sleeveless - White,EGP 129.99 - EGP 130.00,256 verified ratings,4.4/5,Embrator
462,Ho Holland Men's Polo Shirt - Multi Color,EGP 195.00,140 verified ratings,4.2/5,Ho Holland
463,"Pampers Pants with lotion with Olive Oil Size 6, 24 diapers, 16+ kg",EGP 80.00,10 verified ratings,4.7/5,Pampers
464,Dettol Original Soap Bar – 165gm – 4 PCS,EGP 49.87,14 verified ratings,4.8/5,Dettol
465,Lipton Chamomile leaves Tea Bags - 20 Bags,EGP 14.25,239 verified ratings,4.4/5,Lipton
466,Durex Fetherlite Ultra Condoms - 10 Pcs,EGP 136.00,185 verified ratings,4.5/5,Durex
467,"NIVEA Micellar Water Makeup Remover, All Skin Types - 400ml",EGP 112.00,47 verified ratings,4.5/5,NIVEA
468,Star Fusilli Pasta - 1kg,EGP 17.00,115 verified ratings,4.3/5,Star
469,Karimed GOLDEN STRAND Integrated Shampoo + Conditioner Free Sulfate 400ML,EGP 91.00,92 verified ratings,4.2/5,Karimed
470,Magic Detangling Hair Brush,EGP 44.00,1266 verified ratings,3.9/5,(1266 verified ratings)
471,Wet Baby Sensitive Wipes Aloe Vera With Cap - Vitamin E – 72 Wipes,EGP 17.00,5 verified ratings,4.6/5,(5 verified ratings)
472,AM-Shop Set Of (12) Socks - For Kids,EGP 69.00,72 verified ratings,3.9/5,AM-Shop
473,American Eagle Polo Shirt,EGP 325.00,218 verified ratings,4.7/5,American Eagle
474,NIVEA Soft Freshies Refreshing & Moisturizing Cream - Berry Blossom - 100ml,EGP 27.95,772 verified ratings,4.5/5,NIVEA
475,Activ Bi-Toned Navy Blue & Burgundy Backpack,EGP 169.00,3 verified ratings,4/5,Activ
476,Eyelash Curler To Lift Eyelashes Up,EGP 19.99,49 verified ratings,3.9/5,(49 verified ratings)
477,Steviadiet Diet Sugar Jar - 300 Gm,EGP 80.00,43 verified ratings,3.9/5,(43 verified ratings)
478,Al Wedad Two Piece Of Warmer Set With Padded Inside - Pink,EGP 69.00 - EGP 140.00,173 verified ratings,4.5/5,Al Wedad
479,White Comfortable Sneaker,EGP 179.00,113 verified ratings,3.9/5,(113 verified ratings)
480,Me Now Pro Lash Doubling Mascara - 10 Ml,EGP 49.00,194 verified ratings,4.2/5,Me Now Pro
481,"Outdoor Distinctive Adult Cap , Summer Hat - Black",EGP 47.00,130 verified ratings,3.8/5,(130 verified ratings)
482,Karimed GOLDEN STRAND Integrated Free Sulfate Shampoo 400ML,EGP 119.00,594 verified ratings,4.1/5,Karimed
483,Sokany Coffee Blender And Hand Mixer USB Charging - White,EGP 175.00,,,Sokany
484,Stainless Steel Auto Rotating Whisk,EGP 24.24,466 verified ratings,4.1/5,(466 verified ratings)
485,Crystal White Vegetable Ghee - 1.5 Kg,EGP 71.55,12 verified ratings,4.8/5,Crystal
486,Mesery Bundle Of Three Long Slim Legging - Black,EGP 199.99,199 verified ratings,4.3/5,Mesery
487,Karimed SNOW SHINE Free Sulfate Face Wash Gel Sensitive Skin 150ML Plus Micellar Water 100ml,EGP 104.00,12 verified ratings,4.9/5,Karimed
488,Imtenan Egyptian Mountain Honey - 1 Kg,EGP 690.00,,,Imtenan
489,Mesery Bundle Of Three Solid Slip On Underwear,EGP 79.00,247 verified ratings,4.3/5,Mesery
490,"Harpic Harpic Original Toilet Cleaner, 100% Limescale Remover, 450ml",EGP 25.45,48 verified ratings,4.7/5,Harpic
491,Emami Kesh King Shampoo Anti-Hair Fall Milk Protein - 21 Herbs - 340ml,EGP 165.00,74 verified ratings,4.4/5,Emami
492,VGR VGR- V-030-Rechargeable Hair Shaver + Gift Bag From Dukan Alaa,EGP 165.00,657 verified ratings,4.2/5,VGR
493,Celebrat Stereo Sound Earphone Celebrat G 6- Color -black,EGP 49.00,98 verified ratings,4.4/5,Celebrat
494,Anti-lost Car Keychain Phone Number Card Keyring Leather Braided Phone Number Plate Key Ring,EGP 130.00,97 verified ratings,3.9/5,(97 verified ratings)
495,Lama Black- Elastic Legged Pants,EGP 110.00 - EGP 125.00,379 verified ratings,3.9/5,Lama
496,Vaseline Body Gel Oil Cocoa Radiant Body Oil 200ml,EGP 275.00,404 verified ratings,4.5/5,Vaseline
497,"Dolive Shower Gel, Body Wash, 2000 Ml, Candy Fruit",EGP 70.00,23 verified ratings,4.2/5,Dolive
498,ATA ATA 32HON - 32-inch HD TV,"EGP 2,115.00",63 verified ratings,4.3/5,ATA
499,White Gentle Baby Wipes - 20 Tissue,EGP 9.95,62 verified ratings,4.6/5,White
500,Double Face Adhesive Tape - Clear,EGP 24.99 - EGP 49.99,140 verified ratings,4.1/5,(140 verified ratings)
501,Luna Strawberry Special Lip Moisturizer - 3.5 GM,EGP 14.00,167 verified ratings,4.5/5,Luna
502,Wendy Wet Wipes Rose Scent With Cap – 120 Wipes,EGP 19.00,9 verified ratings,4.9/5,(9 verified ratings)
503,Dettol Antiseptic Liquid Cleaner - 235 ML,EGP 36.00,30 verified ratings,4.3/5,Dettol
504,Bow Pants For School - Sweatpants Kids Cotton100%,EGP 375.00,3 verified ratings,4.7/5,Bow
505,Fresh Electric Kettle - 1.7L-Black,EGP 311.00,1462 verified ratings,4.4/5,Fresh
506,Frida Hands liquid Hand wash Wild berries 520 gm economy,EGP 39.95,11 verified ratings,4.8/5,Frida
507,"Smart Scent Car Freshener, Smart Scent, Strawberry Mini Paper",EGP 10.00,9 verified ratings,4.9/5,Smart Scent
508,Chefy Mix Far Eastern Seasoning - 90g,EGP 14.50,114 verified ratings,4.6/5,Chefy Mix
509,Embrator Bundle Of Six Printed Boxer - For Men,EGP 239.99,367 verified ratings,4.1/5,Embrator
510,Sokany Hot Air Comb Multi Functional And Versatile Styling Comb,EGP 335.00,1 verified rating,5/5,Sokany
511,Staedtler Fiber-tip Colored pens - 12 pens,EGP 35.00,82 verified ratings,4.5/5,Staedtler
512,"Dolive Shower Gel, Body Wash, 2000 Ml, Raspberry",EGP 70.00,17 verified ratings,4/5,Dolive
513,Dettol MAC Antibacterial Disinfectant 3xPower Floor Cleaner - lemon Scent - 1.3Litre,EGP 54.00,4 verified ratings,4/5,Dettol
514,Lipton Mint Green Tea - 25 Bags,EGP 14.95,85 verified ratings,4.5/5,Lipton
515,Karimed Brilliant Touch Hand Wash 3 Pcs. With Moisturizer 500ML,EGP 64.90,7 verified ratings,3.9/5,Karimed
516,Dermatique Maquillage Concealer+Blender Warm Light 10ml,EGP 160.00,128 verified ratings,4.2/5,Dermatique
517,Servet Sneakers Comfort Sport Shoes For Women - Black - Servet El Turkey,EGP 285.00,6 verified ratings,4/5,Servet
518,American Eagle Training Jogger,EGP 350.00,,,American Eagle
519,Izor Mandarin Collar Pique Polo Shirt - Maroon,EGP 119.00 - EGP 139.00,478 verified ratings,4/5,Izor
520,Funny Bunny - Set Of (3) Printed Pants - For NewBorn,EGP 106.00 - EGP 119.00,99 verified ratings,4.4/5,Funny Bunny
521,Dice Bundle Of Five Men Boxers,EGP 239.00,110 verified ratings,3.8/5,Dice
522,Funny Bunny - (3) Basic Sleeves Snap Closure Bodysuit - New Born,EGP 135.00 - EGP 149.00,121 verified ratings,4.6/5,Funny Bunny
523,Me Now Pro Matte Liquid Sweatproof Liquid Dip Eyeliner - 5.5g - Black,EGP 49.00,174 verified ratings,4.2/5,Me Now Pro
524,Malika Bundle OF Six Panties - For Girls,EGP 99.00,65 verified ratings,4.3/5,Malika
525,HM Collection We Together - EDT - For Women - 30 ML,EGP 35.20,13 verified ratings,4.5/5,HM Collection
526,Girls Fruits Earrings - Safe And Metal Free - 4 Pairs,EGP 39.99,6 verified ratings,3.2/5,(6 verified ratings)
527,Malika Bundle OF Six Printed Underwear - For Women,EGP 129.00,346 verified ratings,4/5,Malika
528,Knorr Cream Of Vegetabl Soup – 70 Gm,EGP 7.00,111 verified ratings,4.4/5,Knorr
529,Defacto Woman Pink Short Sleeve T-Shirt,EGP 80.00,1 verified rating,4/5,Defacto
530,Penduline Shower Gel For Babies - 450Ml,EGP 60.99,54 verified ratings,4.8/5,Penduline
531,Bundle Of (15) Women Ankle Socks For Women,EGP 55.00,471 verified ratings,3.7/5,(471 verified ratings)
532,Fern Pure Natural Butter Ghee - 700g,EGP 141.00,186 verified ratings,4.6/5,Fern
533,Cadbury Dairy Milk Bubbly Oreo Chocolate Bar - 43gm -12 Packs,EGP 101.45,20 verified ratings,4.7/5,Cadbury
534,Nescafe Classic Instant Coffee Jar - 50gm,EGP 32.85,57 verified ratings,4.6/5,Nescafe
535,TUT Basic Black Sweatshirt Boys Round Solid Cotton Milton Long Sleeve Kids,EGP 195.40 - EGP 275.40,,,TUT
536,Star Ethyl Alcohol 70 % - 1 Liter,EGP 29.00,18 verified ratings,4/5,Star
537,Socks - Set Of (12) Ankle Socks - For Kids,EGP 69.00,3 verified ratings,1.7/5,(3 verified ratings)
538,AL Asil Sunflower Oil - 1.5 Liter.,EGP 63.00,234 verified ratings,4.6/5,AL Asil
539,Finish Dishwasher Detergent Powder Lemon Scent - 1kg - 2 Pcs + 1 Free,EGP 220.00,135 verified ratings,4.6/5,Finish
540,Harvest Tomato paste – 320g,EGP 14.25,449 verified ratings,4.4/5,Harvest
541,Imtenan Cough Aid - 18 Sachet,EGP 18.00,10 verified ratings,4.5/5,Imtenan
542,Almarai Apple Juice - 235ml,EGP 6.00,2 verified ratings,3.5/5,Almarai
543,Durex Performax Intense - 3 Pcs,EGP 47.04,357 verified ratings,4.3/5,Durex
544,Woman Slippers - Black,EGP 49.00 - EGP 77.00,65 verified ratings,4.2/5,(65 verified ratings)
545,Mesery Bretelle Short Dress Cotton Thin Strap - RED,EGP 99.99,73 verified ratings,4.5/5,Mesery
546,Desert Sportive Lace-Up Sneakers For Men - BLACK,EGP 259.00,5 verified ratings,4.4/5,Desert
547,Johnson's Body Care Moisturizing Cream All Skin Types – 170g,EGP 21.00,187 verified ratings,4.6/5,Johnson's
548,Dermatique Maquillage Concealer+blender Neutral Medium 10ml,EGP 160.00,95 verified ratings,4.3/5,Dermatique
549,Glue Gun + 10 Pcs / Hot Melt Glue Stick + Azwaaa Bag,EGP 85.00,21 verified ratings,4/5,(21 verified ratings)
550,Hero Strawberry Jam - 28.3g,EGP 5.00,12 verified ratings,3.9/5,Hero
551,Kemei Km-6558 3 In 1 Electric Hair Clipper - Black,EGP 137.40,1290 verified ratings,4.2/5,Kemei
552,Cleopatra Conditioner Cream With Shea Butter - 700ml,EGP 48.00,211 verified ratings,4.2/5,Cleopatra
553,Defacto Man White Short Sleeve Shirt,EGP 159.00,6 verified ratings,4.5/5,Defacto
554,Izor Mandarin Collar T-Shirt - Grey,EGP 119.00 - EGP 139.00,683 verified ratings,4.2/5,Izor
555,Pretty Woman Waterproof Eyeliner 1ml - Black,EGP 39.00,5 verified ratings,4.6/5,Pretty Woman
556,Rimmel Scandal Eyes Waterproof Kohl Kajal - 005 Nude,EGP 85.00,544 verified ratings,4.4/5,Rimmel
557,LC Waikiki Crew Neck Short Sleeve Printed Cotton Baby Girl T-Shirt And Shorts 2-Pack Set,EGP 100.00,,,LC Waikiki
558,American Eagle AE Distressed Oxford Button-Up Shirt,EGP 350.00,,,American Eagle
559,Mesery Bundle Of Three Full Coverage Non-wired Cross Back Sportive Bra,EGP 109.99,261 verified ratings,3.9/5,Mesery
560,Iconix 32GB MICRO SE-9 USB 2.0 Flash Drive - Metal,EGP 75.00,36 verified ratings,4.8/5,Iconix
561,"Cute And Attractive Design Of A School Pencil Case For Girls, A Make-up Bag And A Money Purse.",EGP 39.99,2 verified ratings,5/5,(2 verified ratings)
562,Women's Handbag Snake Skin 32021 Black,EGP 195.00,23 verified ratings,4.7/5,(23 verified ratings)
563,"Pampers Pants with lotion with Olive Oil Size 4, 60 diapers, 9-14 kg",EGP 191.04,29 verified ratings,4.5/5,Pampers
564,Temmys Corn Flakes – 1000gm,EGP 81.95,231 verified ratings,4.7/5,Temmys
565,OneHand Casual Polo T-Shirt - Blue,EGP 139.00 - EGP 169.00,88 verified ratings,3.9/5,OneHand
566,L'Oreal Paris Elvive Extraordinary Oil For All Hair Types - 100ml,EGP 165.00,1 verified rating,1/5,L'Oreal Paris
567,Golon 608-Classic Mini Electric Radio- Black + Free Mobile Holder Wood,EGP 210.00,76 verified ratings,4.4/5,Golon
568,Sunsilk Natural Recharge Anti-Breakage Oil Replacement Hair Cream With Coconut - 300 Ml,EGP 34.95,72 verified ratings,4.5/5,Sunsilk
569,St Ives Renewing Moisturizer With Collagen & Elasten - 283g,EGP 175.00,180 verified ratings,4.6/5,St Ives
570,Mesery Bundle OF Six Brief Smooth Cotton Hipster Panties.,EGP 139.99,905 verified ratings,4.3/5,Mesery
571,Ballerina Leather BN-9 - Black,EGP 79.00 - EGP 129.00,55 verified ratings,4.5/5,(55 verified ratings)
572,Braun Silk Epil 5 5/500 Senso Smart Epilator With 1 Extras - Raspberry,EGP 999.00,17 verified ratings,4.7/5,Braun
573,Nokia 5310 - 2.4-inch Dual Sim Mobile Phone - Black/Red,EGP 885.00,68 verified ratings,4.6/5,Nokia
574,Fairy Ultra Lemon 420 2 LE,EGP 21.00,7 verified ratings,4.4/5,Fairy
575,TUT Basic Black Sweatshirt Boys Round Solid Cotton Milton Long Sleeve Kids,EGP 195.40 - EGP 275.40,,,TUT
and Cookie notice
499,Izor Mandarin Collar Pique Polo Shirt - Maroon,EGP 119.00 - EGP 139.00,478 verified ratings,4/5,Privacy and Cookie notice
500,American Eagle Training Jogger,EGP 350.00,,,Privacy and Cookie notice
501,Staedtler Fiber-tip Colored pens - 12 pens,EGP 35.00,82 verified ratings,4.5/5,Privacy and Cookie notice
502,Anti-lost Car Keychain Phone Number Card Keyring Leather Braided Phone Number Plate Key Ring,EGP 130.00,97 verified ratings,3.9/5,Privacy and Cookie notice
503,Mesery Bundle Of Three Solid Slip On Underwear,EGP 79.00,247 verified ratings,4.3/5,Privacy and Cookie notice
504,Imtenan Egyptian Mountain Honey - 1 Kg,EGP 690.00,,,Privacy and Cookie notice
505,Dermatique Maquillage Concealer+Blender Warm Light 10ml,EGP 160.00,128 verified ratings,4.2/5,Privacy and Cookie notice
506,Double Face Adhesive Tape - Clear,EGP 24.99 - EGP 49.99,140 verified ratings,4.1/5,Privacy and Cookie notice
507,Dettol Antiseptic Liquid Cleaner - 235 ML,EGP 36.00,30 verified ratings,4.3/5,Privacy and Cookie notice
508,Mesery Bundle Of Three Long Slim Legging - Black,EGP 199.99,199 verified ratings,4.3/5,Privacy and Cookie notice
509,Chefy Mix Far Eastern Seasoning - 90g,EGP 14.50,114 verified ratings,4.6/5,Privacy and Cookie notice
510,Frida Hands liquid Hand wash Wild berries 520 gm economy,EGP 39.95,11 verified ratings,4.8/5,Privacy and Cookie notice
511,Fresh Electric Kettle - 1.7L-Black,EGP 311.00,1462 verified ratings,4.4/5,Privacy and Cookie notice
512,"Smart Scent Car Freshener, Smart Scent, Strawberry Mini Paper",EGP 10.00,9 verified ratings,4.9/5,Privacy and Cookie notice
513,Karimed SNOW SHINE Free Sulfate Face Wash Gel Sensitive Skin 150ML Plus Micellar Water 100ml,EGP 104.00,12 verified ratings,4.9/5,Privacy and Cookie notice
514,Karimed Brilliant Touch Hand Wash 3 Pcs. With Moisturizer 500ML,EGP 64.90,7 verified ratings,3.9/5,Privacy and Cookie notice
515,VGR VGR- V-030-Rechargeable Hair Shaver + Gift Bag From Dukan Alaa,EGP 165.00,657 verified ratings,4.2/5,Privacy and Cookie notice
516,Vaseline Body Gel Oil Cocoa Radiant Body Oil 200ml,EGP 275.00,404 verified ratings,4.5/5,Privacy and Cookie notice
517,Stainless Steel Auto Rotating Whisk,EGP 24.24,466 verified ratings,4.1/5,Privacy and Cookie notice
518,Dettol MAC Antibacterial Disinfectant 3xPower Floor Cleaner - lemon Scent - 1.3Litre,EGP 54.00,4 verified ratings,4/5,Privacy and Cookie notice
519,Embrator Bundle Of Six Printed Boxer - For Men,EGP 239.99,367 verified ratings,4.1/5,Privacy and Cookie notice
520,Sokany Coffee Blender And Hand Mixer USB Charging - White,EGP 175.00,,,Privacy and Cookie notice
521,Dice Bundle Of Five Men Boxers,EGP 239.00,110 verified ratings,3.8/5,Privacy and Cookie notice
522,Desert Sportive Lace-Up Sneakers For Men - BLACK,EGP 259.00,5 verified ratings,4.4/5,Privacy and Cookie notice
523,Nescafe Classic Instant Coffee Jar - 50gm,EGP 32.85,57 verified ratings,4.6/5,Privacy and Cookie notice
524,HM Collection We Together - EDT - For Women - 30 ML,EGP 35.20,13 verified ratings,4.5/5,Privacy and Cookie notice
525,Izor Mandarin Collar T-Shirt - Grey,EGP 119.00 - EGP 139.00,683 verified ratings,4.2/5,Privacy and Cookie notice
526,Mesery Bretelle Short Dress Cotton Thin Strap - RED,EGP 99.99,73 verified ratings,4.5/5,Privacy and Cookie notice
527,AL Asil Sunflower Oil - 1.5 Liter.,EGP 63.00,234 verified ratings,4.6/5,Privacy and Cookie notice
528,Woman Slippers - Black,EGP 49.00 - EGP 77.00,65 verified ratings,4.2/5,Privacy and Cookie notice
529,Girls Fruits Earrings - Safe And Metal Free - 4 Pairs,EGP 39.99,6 verified ratings,3.2/5,Privacy and Cookie notice
530,American Eagle AE Distressed Oxford Button-Up Shirt,EGP 350.00,,,Privacy and Cookie notice
531,Malika Bundle OF Six Panties - For Girls,EGP 99.00,65 verified ratings,4.3/5,Privacy and Cookie notice
532,Star Ethyl Alcohol 70 % - 1 Liter,EGP 29.00,18 verified ratings,4/5,Privacy and Cookie notice
533,Johnson's Body Care Moisturizing Cream All Skin Types – 170g,EGP 21.00,187 verified ratings,4.6/5,Privacy and Cookie notice
534,Defacto Man White Short Sleeve Shirt,EGP 159.00,6 verified ratings,4.5/5,Privacy and Cookie notice
535,Pretty Woman Waterproof Eyeliner 1ml - Black,EGP 39.00,5 verified ratings,4.6/5,Privacy and Cookie notice
536,Cleopatra Conditioner Cream With Shea Butter - 700ml,EGP 48.00,211 verified ratings,4.2/5,Privacy and Cookie notice
537,Penduline Shower Gel For Babies - 450Ml,EGP 60.99,54 verified ratings,4.8/5,Privacy and Cookie notice
538,Funny Bunny - (3) Basic Sleeves Snap Closure Bodysuit - New Born,EGP 135.00 - EGP 149.00,121 verified ratings,4.6/5,Privacy and Cookie notice
539,Defacto Woman Pink Short Sleeve T-Shirt,EGP 80.00,1 verified rating,4/5,Privacy and Cookie notice
540,LC Waikiki Crew Neck Short Sleeve Printed Cotton Baby Girl T-Shirt And Shorts 2-Pack Set,EGP 100.00,,,Privacy and Cookie notice
541,Cadbury Dairy Milk Bubbly Oreo Chocolate Bar - 43gm -12 Packs,EGP 101.45,20 verified ratings,4.7/5,Privacy and Cookie notice
542,Malika Bundle OF Six Printed Underwear - For Women,EGP 129.00,346 verified ratings,4/5,Privacy and Cookie notice
543,Bundle Of (15) Women Ankle Socks For Women,EGP 55.00,471 verified ratings,3.7/5,Privacy and Cookie notice
544,Dermatique Maquillage Concealer+blender Neutral Medium 10ml,EGP 160.00,95 verified ratings,4.3/5,Privacy and Cookie notice
545,Mesery Bundle Of Three Full Coverage Non-wired Cross Back Sportive Bra,EGP 109.99,261 verified ratings,3.9/5,Privacy and Cookie notice
546,Kemei Km-6558 3 In 1 Electric Hair Clipper - Black,EGP 137.40,1290 verified ratings,4.2/5,Privacy and Cookie notice
547,Rimmel Scandal Eyes Waterproof Kohl Kajal - 005 Nude,EGP 85.00,544 verified ratings,4.4/5,Privacy and Cookie notice
548,Iconix 32GB MICRO SE-9 USB 2.0 Flash Drive - Metal,EGP 75.00,36 verified ratings,4.8/5,Privacy and Cookie notice
549,Fern Pure Natural Butter Ghee - 700g,EGP 141.00,186 verified ratings,4.6/5,Privacy and Cookie notice
550,Socks - Set Of (12) Ankle Socks - For Kids,EGP 69.00,3 verified ratings,1.7/5,Privacy and Cookie notice
551,Hero Strawberry Jam - 28.3g,EGP 5.00,12 verified ratings,3.9/5,Privacy and Cookie notice
552,Women Sock Sneakers 0022,EGP 169.00,1 verified rating,4/5,Privacy and Cookie notice
553,Glue Gun + 10 Pcs / Hot Melt Glue Stick + Azwaaa Bag,EGP 85.00,21 verified ratings,4/5,Privacy and Cookie notice
554,Imtenan Cough Aid - 18 Sachet,EGP 18.00,10 verified ratings,4.5/5,Privacy and Cookie notice
555,Almarai Apple Juice - 235ml,EGP 6.00,2 verified ratings,3.5/5,Privacy and Cookie notice
556,Knorr Cream Of Vegetabl Soup – 70 Gm,EGP 7.00,111 verified ratings,4.4/5,Privacy and Cookie notice
557,Finish Dishwasher Detergent Powder Lemon Scent - 1kg - 2 Pcs + 1 Free,EGP 220.00,135 verified ratings,4.6/5,Privacy and Cookie notice
558,Harvest Tomato paste – 320g,EGP 14.25,449 verified ratings,4.4/5,Privacy and Cookie notice
559,Me Now Pro Matte Liquid Sweatproof Liquid Dip Eyeliner - 5.5g - Black,EGP 49.00,174 verified ratings,4.2/5,Privacy and Cookie notice
560,Durex Performax Intense - 3 Pcs,EGP 47.04,357 verified ratings,4.3/5,Privacy and Cookie notice
561,XIAOMI VXN4305GL Redmi Power Bank - 10000mAh - Black,EGP 284.00,,,Privacy and Cookie notice
562,L'Oreal Paris Elvive Extraordinary Oil For All Hair Types - 100ml,EGP 165.00,1 verified rating,1/5,Privacy and Cookie notice
563,Mesery Bundle OF (12) Brief Smooth Cotton Hipster Panties.,EGP 249.99,1929 verified ratings,4.3/5,Privacy and Cookie notice
564,Pledge Spray Furniture Cleaner - 300 ml,EGP 29.90,5 verified ratings,5/5,Privacy and Cookie notice
565,Golon 608-Classic Mini Electric Radio- Black + Free Mobile Holder Wood,EGP 210.00,76 verified ratings,4.4/5,Privacy and Cookie notice
566,Nokia 150 (2020) - 2.4-inch Dual SIM Mobile Phone -,EGP 555.00,,,Privacy and Cookie notice
567,Finish Classic Powder Dishwasher Detergent – 1Kg - 2+1 Pack,EGP 284.45,594 verified ratings,4.6/5,Privacy and Cookie notice
568,Desert Basic Lace-up Sneakers For Women - White / Mauve,EGP 259.00,3 verified ratings,4.3/5,Privacy and Cookie notice
569,"Pampers Pants with lotion with Olive Oil Size 4, 60 diapers, 9-14 kg",EGP 191.04,29 verified ratings,4.5/5,Privacy and Cookie notice
